token_id,url
1,https://raw.githubusercontent.com/lbunproject/BASEswap-api-price/main/public/nft_img/JWC.jpg
4,https://raw.githubusercontent.com/lbunproject/BASEswap-api-price/main/public/nft_img/JWJ.jpg
7,https://raw.githubusercontent.com/lbunproject/BASEswap-api-price/main/public/nft_img/JWL.jpg
16,https://raw.githubusercontent.com/lbunproject/BASEswap-api-price/main/public/nft_img/JRL.jpg
17,https://raw.githubusercontent.com/lbunproject/BASEswap-api-price/main/public/nft_img/JTC.jpg
18,https://raw.githubusercontent.com/lbunproject/BASEswap-api-price/main/public/nft_img/JTC.jpg
21,https://raw.githubusercontent.com/lbunproject/BASEswap-api-price/main/public/nft_img/JTM.jpg
22,https://raw.githubusercontent.com/lbunproject/BASEswap-api-price/main/public/nft_img/JTM.jpg
25,https://raw.githubusercontent.com/lbunproject/BASEswap-api-price/main/public/nft_img/JSC.jpg
29,https://raw.githubusercontent.com/lbunproject/BASEswap-api-price/main/public/nft_img/JSM.jpg
31,https://raw.githubusercontent.com/lbunproject/BASEswap-api-price/main/public/nft_img/JSC.jpg
33,https://raw.githubusercontent.com/lbunproject/BASEswap-api-price/main/public/nft_img/PJC.jpg
34,https://raw.githubusercontent.com/lbunproject/BASEswap-api-price/main/public/nft_img/PJC.jpg
38,https://raw.githubusercontent.com/lbunproject/BASEswap-api-price/main/public/nft_img/PJC.jpg
46,https://raw.githubusercontent.com/lbunproject/BASEswap-api-price/main/public/nft_img/PJC.jpg
47,https://raw.githubusercontent.com/lbunproject/BASEswap-api-price/main/public/nft_img/PJC.jpg
50,https://raw.githubusercontent.com/lbunproject/BASEswap-api-price/main/public/nft_img/PJC.jpg
55,https://raw.githubusercontent.com/lbunproject/BASEswap-api-price/main/public/nft_img/PJC.jpg
57,https://raw.githubusercontent.com/lbunproject/BASEswap-api-price/main/public/nft_img/PJJ.jpg
58,https://raw.githubusercontent.com/lbunproject/BASEswap-api-price/main/public/nft_img/PJJ.jpg
63,https://raw.githubusercontent.com/lbunproject/BASEswap-api-price/main/public/nft_img/PJJ.jpg
66,https://raw.githubusercontent.com/lbunproject/BASEswap-api-price/main/public/nft_img/PJJ.jpg
68,https://raw.githubusercontent.com/lbunproject/BASEswap-api-price/main/public/nft_img/PJJ.jpg
69,https://raw.githubusercontent.com/lbunproject/BASEswap-api-price/main/public/nft_img/PJJ.jpg
71,https://raw.githubusercontent.com/lbunproject/BASEswap-api-price/main/public/nft_img/PJJ.jpg
72,https://raw.githubusercontent.com/lbunproject/BASEswap-api-price/main/public/nft_img/PJJ.jpg
75,https://raw.githubusercontent.com/lbunproject/BASEswap-api-price/main/public/nft_img/PJJ.jpg
76,https://raw.githubusercontent.com/lbunproject/BASEswap-api-price/main/public/nft_img/PJJ.jpg
79,https://raw.githubusercontent.com/lbunproject/BASEswap-api-price/main/public/nft_img/PJM.jpg
80,https://raw.githubusercontent.com/lbunproject/BASEswap-api-price/main/public/nft_img/PJM.jpg
82,https://raw.githubusercontent.com/lbunproject/BASEswap-api-price/main/public/nft_img/PJM.jpg
85,https://raw.githubusercontent.com/lbunproject/BASEswap-api-price/main/public/nft_img/PJM.jpg
88,https://raw.githubusercontent.com/lbunproject/BASEswap-api-price/main/public/nft_img/PJM.jpg
89,https://raw.githubusercontent.com/lbunproject/BASEswap-api-price/main/public/nft_img/PJM.jpg
93,https://raw.githubusercontent.com/lbunproject/BASEswap-api-price/main/public/nft_img/PJM.jpg
94,https://raw.githubusercontent.com/lbunproject/BASEswap-api-price/main/public/nft_img/PJM.jpg
97,https://raw.githubusercontent.com/lbunproject/BASEswap-api-price/main/public/nft_img/PJM.jpg
99,https://raw.githubusercontent.com/lbunproject/BASEswap-api-price/main/public/nft_img/PJM.jpg
100,https://raw.githubusercontent.com/lbunproject/BASEswap-api-price/main/public/nft_img/PJM.jpg
102,https://raw.githubusercontent.com/lbunproject/BASEswap-api-price/main/public/nft_img/PJL.jpg
105,https://raw.githubusercontent.com/lbunproject/BASEswap-api-price/main/public/nft_img/PJL.jpg
107,https://raw.githubusercontent.com/lbunproject/BASEswap-api-price/main/public/nft_img/PJL.jpg
108,https://raw.githubusercontent.com/lbunproject/BASEswap-api-price/main/public/nft_img/PJL.jpg
110,https://raw.githubusercontent.com/lbunproject/BASEswap-api-price/main/public/nft_img/PJL.jpg
114,https://raw.githubusercontent.com/lbunproject/BASEswap-api-price/main/public/nft_img/PJL.jpg
116,https://raw.githubusercontent.com/lbunproject/BASEswap-api-price/main/public/nft_img/PJL.jpg
117,https://raw.githubusercontent.com/lbunproject/BASEswap-api-price/main/public/nft_img/PJL.jpg
118,https://raw.githubusercontent.com/lbunproject/BASEswap-api-price/main/public/nft_img/PJL.jpg
119,https://raw.githubusercontent.com/lbunproject/BASEswap-api-price/main/public/nft_img/PJL.jpg
126,https://raw.githubusercontent.com/lbunproject/BASEswap-api-price/main/public/nft_img/PDC.jpg
127,https://raw.githubusercontent.com/lbunproject/BASEswap-api-price/main/public/nft_img/PDC.jpg
128,https://raw.githubusercontent.com/lbunproject/BASEswap-api-price/main/public/nft_img/PDC.jpg
133,https://raw.githubusercontent.com/lbunproject/BASEswap-api-price/main/public/nft_img/PDC.jpg
135,https://raw.githubusercontent.com/lbunproject/BASEswap-api-price/main/public/nft_img/PDC.jpg
139,https://raw.githubusercontent.com/lbunproject/BASEswap-api-price/main/public/nft_img/PDC.jpg
141,https://raw.githubusercontent.com/lbunproject/BASEswap-api-price/main/public/nft_img/PDC.jpg
142,https://raw.githubusercontent.com/lbunproject/BASEswap-api-price/main/public/nft_img/PDC.jpg
145,https://raw.githubusercontent.com/lbunproject/BASEswap-api-price/main/public/nft_img/PDC.jpg
146,https://raw.githubusercontent.com/lbunproject/BASEswap-api-price/main/public/nft_img/PDC.jpg
147,https://raw.githubusercontent.com/lbunproject/BASEswap-api-price/main/public/nft_img/PDC.jpg
149,https://raw.githubusercontent.com/lbunproject/BASEswap-api-price/main/public/nft_img/PDJ.jpg
151,https://raw.githubusercontent.com/lbunproject/BASEswap-api-price/main/public/nft_img/PDJ.jpg
152,https://raw.githubusercontent.com/lbunproject/BASEswap-api-price/main/public/nft_img/PDJ.jpg
153,https://raw.githubusercontent.com/lbunproject/BASEswap-api-price/main/public/nft_img/PDJ.jpg
154,https://raw.githubusercontent.com/lbunproject/BASEswap-api-price/main/public/nft_img/PDJ.jpg
155,https://raw.githubusercontent.com/lbunproject/BASEswap-api-price/main/public/nft_img/PDJ.jpg
162,https://raw.githubusercontent.com/lbunproject/BASEswap-api-price/main/public/nft_img/PDJ.jpg
165,https://raw.githubusercontent.com/lbunproject/BASEswap-api-price/main/public/nft_img/PDJ.jpg
167,https://raw.githubusercontent.com/lbunproject/BASEswap-api-price/main/public/nft_img/PDJ.jpg
168,https://raw.githubusercontent.com/lbunproject/BASEswap-api-price/main/public/nft_img/PDJ.jpg
172,https://raw.githubusercontent.com/lbunproject/BASEswap-api-price/main/public/nft_img/PDM.jpg
174,https://raw.githubusercontent.com/lbunproject/BASEswap-api-price/main/public/nft_img/PDM.jpg
178,https://raw.githubusercontent.com/lbunproject/BASEswap-api-price/main/public/nft_img/PDM.jpg
180,https://raw.githubusercontent.com/lbunproject/BASEswap-api-price/main/public/nft_img/PDM.jpg
181,https://raw.githubusercontent.com/lbunproject/BASEswap-api-price/main/public/nft_img/PDM.jpg
182,https://raw.githubusercontent.com/lbunproject/BASEswap-api-price/main/public/nft_img/PDM.jpg
184,https://raw.githubusercontent.com/lbunproject/BASEswap-api-price/main/public/nft_img/PDM.jpg
188,https://raw.githubusercontent.com/lbunproject/BASEswap-api-price/main/public/nft_img/PDM.jpg
189,https://raw.githubusercontent.com/lbunproject/BASEswap-api-price/main/public/nft_img/PDM.jpg
191,https://raw.githubusercontent.com/lbunproject/BASEswap-api-price/main/public/nft_img/PDM.jpg
192,https://raw.githubusercontent.com/lbunproject/BASEswap-api-price/main/public/nft_img/PDM.jpg
194,https://raw.githubusercontent.com/lbunproject/BASEswap-api-price/main/public/nft_img/PDL.jpg
196,https://raw.githubusercontent.com/lbunproject/BASEswap-api-price/main/public/nft_img/PDL.jpg
198,https://raw.githubusercontent.com/lbunproject/BASEswap-api-price/main/public/nft_img/PDL.jpg
199,https://raw.githubusercontent.com/lbunproject/BASEswap-api-price/main/public/nft_img/PDL.jpg
201,https://raw.githubusercontent.com/lbunproject/BASEswap-api-price/main/public/nft_img/PDL.jpg
202,https://raw.githubusercontent.com/lbunproject/BASEswap-api-price/main/public/nft_img/PDL.jpg
203,https://raw.githubusercontent.com/lbunproject/BASEswap-api-price/main/public/nft_img/PDL.jpg
208,https://raw.githubusercontent.com/lbunproject/BASEswap-api-price/main/public/nft_img/PDL.jpg
211,https://raw.githubusercontent.com/lbunproject/BASEswap-api-price/main/public/nft_img/PDL.jpg
214,https://raw.githubusercontent.com/lbunproject/BASEswap-api-price/main/public/nft_img/PDL.jpg
221,https://raw.githubusercontent.com/lbunproject/BASEswap-api-price/main/public/nft_img/PGC.jpg
226,https://raw.githubusercontent.com/lbunproject/BASEswap-api-price/main/public/nft_img/PGC.jpg
227,https://raw.githubusercontent.com/lbunproject/BASEswap-api-price/main/public/nft_img/PGC.jpg
229,https://raw.githubusercontent.com/lbunproject/BASEswap-api-price/main/public/nft_img/PGC.jpg
231,https://raw.githubusercontent.com/lbunproject/BASEswap-api-price/main/public/nft_img/PGC.jpg
233,https://raw.githubusercontent.com/lbunproject/BASEswap-api-price/main/public/nft_img/PGC.jpg
234,https://raw.githubusercontent.com/lbunproject/BASEswap-api-price/main/public/nft_img/PGC.jpg
235,https://raw.githubusercontent.com/lbunproject/BASEswap-api-price/main/public/nft_img/PGC.jpg
236,https://raw.githubusercontent.com/lbunproject/BASEswap-api-price/main/public/nft_img/PGC.jpg
237,https://raw.githubusercontent.com/lbunproject/BASEswap-api-price/main/public/nft_img/PGC.jpg
240,https://raw.githubusercontent.com/lbunproject/BASEswap-api-price/main/public/nft_img/PGJ.jpg
242,https://raw.githubusercontent.com/lbunproject/BASEswap-api-price/main/public/nft_img/PGJ.jpg
246,https://raw.githubusercontent.com/lbunproject/BASEswap-api-price/main/public/nft_img/PGJ.jpg
247,https://raw.githubusercontent.com/lbunproject/BASEswap-api-price/main/public/nft_img/PGJ.jpg
248,https://raw.githubusercontent.com/lbunproject/BASEswap-api-price/main/public/nft_img/PGJ.jpg
254,https://raw.githubusercontent.com/lbunproject/BASEswap-api-price/main/public/nft_img/PGJ.jpg
255,https://raw.githubusercontent.com/lbunproject/BASEswap-api-price/main/public/nft_img/PGJ.jpg
256,https://raw.githubusercontent.com/lbunproject/BASEswap-api-price/main/public/nft_img/PGJ.jpg
257,https://raw.githubusercontent.com/lbunproject/BASEswap-api-price/main/public/nft_img/PGJ.jpg
258,https://raw.githubusercontent.com/lbunproject/BASEswap-api-price/main/public/nft_img/PGJ.jpg
259,https://raw.githubusercontent.com/lbunproject/BASEswap-api-price/main/public/nft_img/PGJ.jpg
263,https://raw.githubusercontent.com/lbunproject/BASEswap-api-price/main/public/nft_img/PGM.jpg
265,https://raw.githubusercontent.com/lbunproject/BASEswap-api-price/main/public/nft_img/PGM.jpg
267,https://raw.githubusercontent.com/lbunproject/BASEswap-api-price/main/public/nft_img/PGM.jpg
272,https://raw.githubusercontent.com/lbunproject/BASEswap-api-price/main/public/nft_img/PGM.jpg
274,https://raw.githubusercontent.com/lbunproject/BASEswap-api-price/main/public/nft_img/PGM.jpg
277,https://raw.githubusercontent.com/lbunproject/BASEswap-api-price/main/public/nft_img/PGM.jpg
279,https://raw.githubusercontent.com/lbunproject/BASEswap-api-price/main/public/nft_img/PGM.jpg
283,https://raw.githubusercontent.com/lbunproject/BASEswap-api-price/main/public/nft_img/PGM.jpg
288,https://raw.githubusercontent.com/lbunproject/BASEswap-api-price/main/public/nft_img/PGL.jpg
289,https://raw.githubusercontent.com/lbunproject/BASEswap-api-price/main/public/nft_img/PGL.jpg
299,https://raw.githubusercontent.com/lbunproject/BASEswap-api-price/main/public/nft_img/PGL.jpg
300,https://raw.githubusercontent.com/lbunproject/BASEswap-api-price/main/public/nft_img/PGL.jpg
301,https://raw.githubusercontent.com/lbunproject/BASEswap-api-price/main/public/nft_img/PGL.jpg
304,https://raw.githubusercontent.com/lbunproject/BASEswap-api-price/main/public/nft_img/PGL.jpg
305,https://raw.githubusercontent.com/lbunproject/BASEswap-api-price/main/public/nft_img/PGL.jpg
307,https://raw.githubusercontent.com/lbunproject/BASEswap-api-price/main/public/nft_img/PGL.jpg
308,https://raw.githubusercontent.com/lbunproject/BASEswap-api-price/main/public/nft_img/PGL.jpg
310,https://raw.githubusercontent.com/lbunproject/BASEswap-api-price/main/public/nft_img/PSC.jpg
312,https://raw.githubusercontent.com/lbunproject/BASEswap-api-price/main/public/nft_img/PSC.jpg
315,https://raw.githubusercontent.com/lbunproject/BASEswap-api-price/main/public/nft_img/PSC.jpg
318,https://raw.githubusercontent.com/lbunproject/BASEswap-api-price/main/public/nft_img/PSC.jpg
321,https://raw.githubusercontent.com/lbunproject/BASEswap-api-price/main/public/nft_img/PSC.jpg
323,https://raw.githubusercontent.com/lbunproject/BASEswap-api-price/main/public/nft_img/PSC.jpg
330,https://raw.githubusercontent.com/lbunproject/BASEswap-api-price/main/public/nft_img/PSC.jpg
332,https://raw.githubusercontent.com/lbunproject/BASEswap-api-price/main/public/nft_img/PSJ.jpg
333,https://raw.githubusercontent.com/lbunproject/BASEswap-api-price/main/public/nft_img/PSJ.jpg
335,https://raw.githubusercontent.com/lbunproject/BASEswap-api-price/main/public/nft_img/PSJ.jpg
336,https://raw.githubusercontent.com/lbunproject/BASEswap-api-price/main/public/nft_img/PSJ.jpg
337,https://raw.githubusercontent.com/lbunproject/BASEswap-api-price/main/public/nft_img/PSJ.jpg
339,https://raw.githubusercontent.com/lbunproject/BASEswap-api-price/main/public/nft_img/PSJ.jpg
340,https://raw.githubusercontent.com/lbunproject/BASEswap-api-price/main/public/nft_img/PSJ.jpg
349,https://raw.githubusercontent.com/lbunproject/BASEswap-api-price/main/public/nft_img/PSJ.jpg
351,https://raw.githubusercontent.com/lbunproject/BASEswap-api-price/main/public/nft_img/PSJ.jpg
352,https://raw.githubusercontent.com/lbunproject/BASEswap-api-price/main/public/nft_img/PSJ.jpg
357,https://raw.githubusercontent.com/lbunproject/BASEswap-api-price/main/public/nft_img/PSM.jpg
358,https://raw.githubusercontent.com/lbunproject/BASEswap-api-price/main/public/nft_img/PSM.jpg
362,https://raw.githubusercontent.com/lbunproject/BASEswap-api-price/main/public/nft_img/PSM.jpg
363,https://raw.githubusercontent.com/lbunproject/BASEswap-api-price/main/public/nft_img/PSM.jpg
365,https://raw.githubusercontent.com/lbunproject/BASEswap-api-price/main/public/nft_img/PSM.jpg
367,https://raw.githubusercontent.com/lbunproject/BASEswap-api-price/main/public/nft_img/PSM.jpg
368,https://raw.githubusercontent.com/lbunproject/BASEswap-api-price/main/public/nft_img/PSM.jpg
369,https://raw.githubusercontent.com/lbunproject/BASEswap-api-price/main/public/nft_img/PSM.jpg
371,https://raw.githubusercontent.com/lbunproject/BASEswap-api-price/main/public/nft_img/PSM.jpg
372,https://raw.githubusercontent.com/lbunproject/BASEswap-api-price/main/public/nft_img/PSM.jpg
373,https://raw.githubusercontent.com/lbunproject/BASEswap-api-price/main/public/nft_img/PSM.jpg
374,https://raw.githubusercontent.com/lbunproject/BASEswap-api-price/main/public/nft_img/PSM.jpg
381,https://raw.githubusercontent.com/lbunproject/BASEswap-api-price/main/public/nft_img/PSL.jpg
383,https://raw.githubusercontent.com/lbunproject/BASEswap-api-price/main/public/nft_img/PSL.jpg
386,https://raw.githubusercontent.com/lbunproject/BASEswap-api-price/main/public/nft_img/PSL.jpg
390,https://raw.githubusercontent.com/lbunproject/BASEswap-api-price/main/public/nft_img/PSL.jpg
391,https://raw.githubusercontent.com/lbunproject/BASEswap-api-price/main/public/nft_img/PSL.jpg
392,https://raw.githubusercontent.com/lbunproject/BASEswap-api-price/main/public/nft_img/PSL.jpg
393,https://raw.githubusercontent.com/lbunproject/BASEswap-api-price/main/public/nft_img/PSL.jpg
396,https://raw.githubusercontent.com/lbunproject/BASEswap-api-price/main/public/nft_img/PSL.jpg
398,https://raw.githubusercontent.com/lbunproject/BASEswap-api-price/main/public/nft_img/PSL.jpg
399,https://raw.githubusercontent.com/lbunproject/BASEswap-api-price/main/public/nft_img/PSL.jpg
